focushighlight\focushighlight.cpp	2
shared\dittodefines.h	1
src\advgeneral.cpp	64
src\bitmaphelper.cpp	4
src\cgdiplusbitmap.h	3
src\clip.cpp	2
src\copythread.cpp	4
src\copythread.h	1
src\cp_main.cpp	42
src\deleteclipdata.cpp	2
src\dittoaddins.cpp	3
src\dittocopybuffer.cpp	2
src\editwnd.cpp	3
src\formattedtextdraw.h	2
src\gdiimagedrawer.cpp	4
src\gdipbutton.cpp	10
src\groupstatic.cpp	2
src\hotkeys.cpp	3
src\imageviewer.cpp	1
src\mainfrm.cpp	8
src\mainfrmthread.cpp	3
src\misc.cpp	1
src\multilanguage.cpp	4
src\nodbframewnd.cpp	8
src\options.cpp	5
src\optionssheet.cpp	15
src\processpaste.cpp	3
src\qlistctrl.cpp	3
src\qrcodeviewer.cpp	1
src\quickpaste.cpp	4
src\richeditctrlex.cpp	2
src\sendkeys.cpp	2
src\tabctrl.cpp	6
src\tooltipex.cpp	3
