C26439	vcpkg_installed\x64-windows-static-md\x64-windows-static-md\include\gtest\gtest-matchers.h	1
C26495	addins\dittoutil\dialogresizer.cpp	1
C26495	addins\dittoutil\dialogresizer.h	1
C26495	shared\dittodefines.h	1
C26495	src\advgeneral.cpp	1
C26495	src\clip.cpp	2
C26495	src\clipeditthread.cpp	1
C26495	src\copyproperties.cpp	1
C26495	src\deleteclipdata.cpp	1
C26495	src\deleteclipdata.h	1
C26495	src\dialogresizer.cpp	1
C26495	src\dialogresizer.h	1
C26495	src\dittoaddin.cpp	1
C26495	src\dittoaddins.h	1
C26495	src\dittocopybuffer.cpp	1
C26495	src\dittowindow.cpp	1
C26495	src\editframewnd.cpp	1
C26495	src\globalclips.cpp	1
C26495	src\grouptree.cpp	1
C26495	src\imageviewer.cpp	1
C26495	src\mainfrm.cpp	1
C26495	src\md5.cpp	1
C26495	src\messagepumpthread.cpp	1
C26495	src\optionsgeneral.cpp	1
C26495	src\optionskeyboard.cpp	1
C26495	src\optionsquickpaste.cpp	1
C26495	src\optionssheet.cpp	1
C26495	src\processpaste.h	1
C26495	src\qlistctrl.cpp	1
C26495	src\qpastewnd.cpp	1
C26495	src\qpastewnd.h	1
C26495	src\qrcodeviewer.cpp	1
C26495	src\sendkeys.cpp	1
C26495	src\snapwindow.cpp	1
C26495	src\sqlite\cppsqlite3.cpp	2
C26495	src\symboledit.cpp	1
C26495	src\tabctrl.h	1
C26495	src\tooltipex.cpp	1
C26495	vcpkg_installed\x64-windows-static-md\x64-windows-static-md\include\gtest\internal\gtest-port.h	1
C26819	focusdll\focusdll.cpp	1
C26819	src\tinyxml\tinyxmlparser.cpp	3
C28112	src\showtaskbaricon.cpp	1
C28159	src\clip.cpp	2
C28159	src\clipboardviewer.cpp	2
C28159	src\cp_main.cpp	6
C28159	src\externalwindowtracker.cpp	5
C28159	src\mainfrm.cpp	5
C28159	src\misc.cpp	3
C28159	src\oleclipsource.cpp	1
C28159	src\processpaste.cpp	2
C28159	src\qlistctrl.cpp	1
C28159	src\qpastewnd.cpp	8
C28159	src\qpastewndthread.cpp	16
C28159	src\tooltipex.cpp	2
C28159	src\uac_thread.cpp	2
C28182	src\sqlite\sqlite3mc_amalgamation.c	12
C6001	src\sqlite\sqlite3mc_amalgamation.c	6
C6011	src\qrcode\qrinput.c	1
C6011	src\sqlite\sqlite3mc_amalgamation.c	28
C6031	src\deleteclipdata.cpp	7
C6031	src\gdipbutton.cpp	1
C6031	src\misc.cpp	1
C6031	src\options.cpp	3
C6031	src\qlistctrl.cpp	1
C6031	src\qpastewnd.cpp	3
C6226	src\formattedtextdraw.cpp	1
C6235	src\sqlite\sqlite3mc_amalgamation.c	2
C6248	src\eventthread.cpp	1
C6258	src\eventthread.cpp	1
C6271	src\optionsgeneral.cpp	2
C6271	src\optionsquickpaste.cpp	1
C6276	src\drawhtml.c	1
C6282	src\qpastewnd.cpp	1
C6284	addins\dittoutil\pasteimageashtmlimage.cpp	1
C6284	src\clip.cpp	2
C6284	src\clipcompare.cpp	3
C6284	src\clipids.cpp	2
C6284	src\copyproperties.cpp	2
C6284	src\cp_main.cpp	4
C6284	src\databaseutilities.cpp	7
C6284	src\dittoaddins.cpp	3
C6284	src\dittorulerricheditctrl.cpp	3
C6284	src\editwnd.cpp	6
C6284	src\formatsql.cpp	5
C6284	src\mainfrmthread.cpp	1
C6284	src\misc.cpp	2
C6284	src\multilanguage.cpp	3
C6284	src\oleclipsource.cpp	6
C6284	src\options.cpp	2
C6284	src\optionsgeneral.cpp	6
C6284	src\optionsquickpaste.cpp	2
C6284	src\progresswnd.cpp	2
C6284	src\qpastewnd.cpp	6
C6284	src\quickpastekeyboard.cpp	2
C6284	src\theme.cpp	5
C6297	src\sqlite\sqlite3mc_amalgamation.c	6
C6302	src\theme.cpp	1
C6328	addins\dittoutil\exports.cpp	1
C6328	src\clip.cpp	1
C6385	src\qrcode\rscode.c	2
C6385	src\sqlite\sqlite3mc_amalgamation.c	10
C6386	src\qrcode\rsecc.c	2
C6386	src\sqlite\sqlite3mc_amalgamation.c	1
C6387	src\cgdiplusbitmap.h	1
C6387	src\formattedtextdraw.cpp	1
C6387	src\mainfrm.cpp	2
C6387	src\messagepumpthread.cpp	1
C6387	src\nodbframewnd.cpp	1
C6387	src\qrcode\qrencode.c	1
C6387	src\sqlite\sqlite3mc_amalgamation.c	4
C6387	src\uac_thread.cpp	1
C6388	src\misc.cpp	1
