addins\dittoutil\pasteanyastext.cpp	PasteAnyAsText::SelectClipToPasteAsText	13
addins\dittoutil\pasteimageashtmlimage.cpp	CPasteImageAsHtmlImage::ConvertPathToHtmlImageTag	20
addins\dittoutil\readonlyflag.cpp	CReadOnlyFlag::ResetReadOnlyFlag	12
addins\dittoutil\textconvert.cpp	CTextConvert::ConvertFromUTF8	13
addins\dittoutil\textconvert.cpp	CTextConvert::ConvertToUTF8	13
icu_loader\icu.cpp	icuCaseFunc16	11
icu_loader\icu.cpp	icuLikeCompare	20
shared\dittodefines.h	DittoAddinHelpers::GetFormatID	21
shared\dittodefines.h	DittoAddinHelpers::GetFormatName	23
src\accels.cpp	CAccels::OnMsg	15
src\actionenums.cpp	ActionEnums::EnumDescription	119
src\actionenums.cpp	ActionEnums::GetDefaultShortCutKeyA	45
src\advgeneral.cpp	CAdvGeneral::OnBnClickedOk	185
src\advgeneral.cpp	CAdvGeneral::Search	13
src\bitmaphelper.cpp	CBitmapHelper::GetCBitmap	11
src\clip.cpp	CClip::AddFileDataToData	15
src\clip.cpp	CClip::AddToDB	12
src\clip.cpp	CClip::LoadFormats	13
src\clip.cpp	CClip::LoadFromClipboard	38
src\clip.cpp	CClip::MoveDown	17
src\clip.cpp	CClip::MoveUp	17
src\clip.cpp	CClip::SaveFormats	12
src\clip.cpp	CClip::WriteTextToFile	11
src\clip.cpp	COleDataObjectEx::GetGlobalData	10
src\clip_importexport.cpp	CClip_ImportExport::ImportFromSqliteDB	14
src\clipboardsaverestore.cpp	CClipboardSaveRestore::RestoreTextOnly	21
src\clipboardsaverestore.cpp	CClipboardSaveRestore::Save	11
src\clipboardviewer.cpp	CClipboardViewer::OnTimer	10
src\clipboardviewer.cpp	CClipboardViewer::ValidActiveWnd	12
src\clipcompare.cpp	CClipCompare::Compare	13
src\clipcompare.cpp	CClipCompare::GetComparePath	23
src\clipeditthread.cpp	CClipEditThread::OnFileChanged	14
src\clipeditthread.cpp	CClipEditThread::SaveToClip	22
src\clipids.cpp	CClipIDs::DeleteIDs	16
src\clipids.cpp	CClipIDs::GetTypes	10
src\clipids.cpp	CClipIDs::Render	13
src\copyproperties.cpp	CCopyProperties::LoadDataFromCClip	25
src\copyproperties.cpp	CCopyProperties::OnLbnSelchangeCopyData	10
src\copyproperties.cpp	CCopyProperties::OnOK	11
src\copythread.cpp	CCopyThread::OnClipboardChange	12
src\cp_main.cpp	CCP_MainApp::EditItems	23
src\cp_main.cpp	CCP_MainApp::EnterGroupID	12
src\cp_main.cpp	CCP_MainApp::InitInstance	31
src\cp_main.cpp	DittoCommandLineInfo::ParseParam	15
src\databaseutilities.cpp	CheckDBExists	13
src\databaseutilities.cpp	RemoveOldEntries	17
src\databaseutilities.cpp	RestoreDB	10
src\databaseutilities.cpp	ValidDB	15
src\deleteclipdata.cpp	CDeleteClipData::FilterItems	10
src\deleteclipdata.cpp	CDeleteClipData::MatchesFilter	13
src\deleteclipdata.cpp	CDeleteClipData::OnLvnColumnclickList2	15
src\deleteclipdata.cpp	CDeleteClipData::OnLvnGetdispinfoList2	11
src\deleteclipdata.cpp	CDeleteClipData::OnLvnKeydownList2	11
src\deleteclipdata.cpp	CDeleteClipData::SaveClipDataItemToFile	12
src\deleteclipdata.cpp	CDeleteClipData::SetDescriptionWindowText	20
src\dittorulerricheditctrl.cpp	CDittoRulerRichEditCtrl::LoadItem	10
src\dittorulerricheditctrl.cpp	CDittoRulerRichEditCtrl::SaveToDB	14
src\dittowindow.cpp	CDittoWindow::DoNcHitTest	33
src\dittowindow.cpp	CDittoWindow::DoNcLButtonUp	11
src\dittowindow.cpp	CDittoWindow::DoNcPaint	13
src\dittowindow.cpp	CDittoWindow::IndexToPos	11
src\dittowindow.cpp	CDittoWindow::MinMaxWindow	13
src\drawhtml.c	DrawHTML	51
src\drawhtml.c	GetToken	36
src\editwithbutton.cpp	CEditWithButton::PreTranslateMessage	18
src\editwnd.cpp	CEditWnd::PreTranslateMessage	11
src\externalwindowtracker.cpp	ExternalWindowTracker::FocusCaret	20
src\externalwindowtracker.cpp	ExternalWindowTracker::SendPaste	10
src\externalwindowtracker.cpp	ExternalWindowTracker::TrackActiveWnd	21
src\formatsql.cpp	CFormatSQL::Parse	11
src\gdiimagedrawer.cpp	CGdiImageDrawer::LoadStdImageDPI	17
src\gdipbutton.cpp	CGdipButton::CtlColor	14
src\gdipbutton.cpp	CGdipButton::DrawItem	10
src\gdipbutton.cpp	CGdipButton::LoadStdImageDPI	17
src\hotkeys.cpp	CHotKey::CopyToCtrl	14
src\hotkeys.cpp	CHotKey::GetVirKeyName	34
src\htmlformataggregator.cpp	CHTMFormatStruct::GetData	13
src\imageviewer.cpp	CImageViewer::OnGesture	11
src\magneticwnd.cpp	CMagneticWnd::OnWindowPosChanging	17
src\mainfrm.cpp	CMainFrame::OnHotKey	75
src\mainfrm.cpp	CMainFrame::OnTimer	24
src\mainfrm.cpp	CMainFrame::PasteOrShowGroup	12
src\misc.cpp	DeleteFolderFiles	10
src\misc.cpp	DeleteParamFromRTF	11
src\misc.cpp	EnsureWindowVisible	10
src\misc.cpp	FindNoCaseAndInsert	13
src\misc.cpp	GetEscapeChar	13
src\misc.cpp	GetFormatID	22
src\misc.cpp	GetFormatName	24
src\misc.cpp	GetScreenHeight	10
src\misc.cpp	GetScreenWidth	10
src\misc.cpp	MyMonitorEnumProc	10
src\misc.cpp	OnInitMenuPopupEx	15
src\modernscrollbar.cpp	CModernScrollBar::GetThumbRect	14
src\modernscrollbar.cpp	CModernScrollBar::ScrollToPosition	15
src\modernscrollbar.cpp	CModernScrollBar::UpdateScrollBar	18
src\ntray.cpp	CTrayNotifyIcon::Create	21
src\ntray.cpp	CTrayNotifyIcon::GetDynamicDCAndBitmap	15
src\ntray.cpp	CTrayNotifyIcon::OnTrayNotification	12
src\ntray.cpp	CTrayNotifyIcon::SetBalloonDetails	11
src\oleclipsource.cpp	COleClipSource::AsciiOnly	11
src\oleclipsource.cpp	COleClipSource::CamelCase	17
src\oleclipsource.cpp	COleClipSource::Capitalize	11
src\oleclipsource.cpp	COleClipSource::ConvertDrivesASCII	10
src\oleclipsource.cpp	COleClipSource::ConvertDrivesWide	10
src\oleclipsource.cpp	COleClipSource::ConvertToFileDrop	13
src\oleclipsource.cpp	COleClipSource::DoImmediateRender	34
src\oleclipsource.cpp	COleClipSource::OnRenderGlobalData	15
src\oleclipsource.cpp	COleClipSource::PlainTextFilter	10
src\oleclipsource.cpp	COleClipSource::SentenceCase	17
src\oleclipsource.cpp	COleClipSource::Typoglycemia	10
src\options.cpp	CGetSetOptions::GetPath	17
src\options.cpp	CGetSetOptions::GetProfileString	17
src\options.cpp	CGetSetOptions::LoadSettings	12
src\optionsgeneral.cpp	COptionsGeneral::FillThemes	10
src\optionsgeneral.cpp	COptionsGeneral::OnApply	16
src\optionsquickpaste.cpp	COptionsQuickPaste::OnApply	10
src\path.cpp	nsPath::CPath::Clean	12
src\path.cpp	nsPath::GetRootType	21
src\processpaste.cpp	CProcessPaste::MarkAsPastedThread	12
src\progresswnd.cpp	CProgressWnd::PeekAndPump	12
src\qlistctrl.cpp	CQListCtrl::DrawCopiedColorCode	95
src\qlistctrl.cpp	CQListCtrl::HandleKeyDown	11
src\qlistctrl.cpp	CQListCtrl::OnCustomdrawList	31
src\qlistctrl.cpp	CQListCtrl::OnSelectionChange	12
src\qlistctrl.cpp	CQListCtrl::PreTranslateMessage	15
src\qlistctrl.cpp	CQListCtrl::ShowFullDescription	35
src\qpastewnd.cpp	CQPasteWnd::DoAction	118
src\qpastewnd.cpp	CQPasteWnd::DoActionSaveCF_HDROP_FileData	11
src\qpastewnd.cpp	CQPasteWnd::DoExportToBitMapFile	13
src\qpastewnd.cpp	CQPasteWnd::DoExportToTextFile	11
src\qpastewnd.cpp	CQPasteWnd::DoMoveClipLast	10
src\qpastewnd.cpp	CQPasteWnd::FillList	31
src\qpastewnd.cpp	CQPasteWnd::GetDispInfo	41
src\qpastewnd.cpp	CQPasteWnd::HideQPasteWindow	15
src\qpastewnd.cpp	CQPasteWnd::LoadShortcuts	11
src\qpastewnd.cpp	CQPasteWnd::MoveControls	11
src\qpastewnd.cpp	CQPasteWnd::OnActivate	16
src\qpastewnd.cpp	CQPasteWnd::OnGetToolTipText	16
src\qpastewnd.cpp	CQPasteWnd::OnMenuGoToEntry	16
src\qpastewnd.cpp	CQPasteWnd::OnReloadClipInUI	13
src\qpastewnd.cpp	CQPasteWnd::OnTimer	10
src\qpastewnd.cpp	CQPasteWnd::PreTranslateMessage	12
src\qpastewnd.cpp	CQPasteWnd::SetMenuChecks	53
src\qpastewnd.cpp	CQPasteWnd::ShowProperties	10
src\qpastewndthread.cpp	CQPasteWndThread::OnLoadExtraData	23
src\qpastewndthread.cpp	CQPasteWndThread::OnLoadItems	14
src\quickpaste.cpp	CQuickPaste::ShowQPasteWnd	44
src\quickpastekeyboard.cpp	CQuickPasteKeyboard::LoadHotKey	41
src\quickpastekeyboard.cpp	CQuickPasteKeyboard::OnBnClickedAssign	15
src\rulerricheditctrl\external\colourpicker.cpp	CColourPicker::DrawItem	10
src\rulerricheditctrl\external\colourpopup.cpp	CColourPopup::DrawCell	21
src\rulerricheditctrl\external\colourpopup.cpp	CColourPopup::GetIndex	12
src\rulerricheditctrl\external\colourpopup.cpp	CColourPopup::OnKeyDown	34
src\rulerricheditctrl\external\colourpopup.cpp	CColourPopup::SetWindowSize	15
src\rulerricheditctrl\rrectoolbar.cpp	CRRECToolbar::Create	12
src\rulerricheditctrl\rulerricheditctrl.cpp	CRulerRichEditCtrl::DoFont	13
src\rulerricheditctrl\rulerricheditctrl.cpp	CRulerRichEditCtrl::PreTranslateMessage	20
src\rulerricheditctrl\rulerricheditctrl.cpp	CRulerRichEditCtrl::UpdateToolbarButtons	14
src\scrollhelper.cpp	CScrollHelper::OnHScroll	11
src\scrollhelper.cpp	CScrollHelper::OnVScroll	11
src\scrollhelper.cpp	CScrollHelper::ScrollToOrigin	10
src\searcheditbox.cpp	CSearchEditBox::PreTranslateMessage	17
src\sendkeys.cpp	CSendKeys::PopUpShiftKeys	10
src\sendkeys.cpp	CSendKeys::SendKeys	27
src\specialpasteoptions.h	CSpecialPasteOptions::LimitFormatsToText	16
src\symboledit.cpp	CSymbolEdit::OnPaint	11
src\symboledit.cpp	CSymbolEdit::PreTranslateMessage	28
src\tabctrl.cpp	CTabCtrlEx::ResizeTabWindow	17
src\theme.cpp	CTheme::Load	15
src\theme.cpp	CTheme::LoadElement	19
src\tooltipex.cpp	CToolTipEx::GetBoundsRect	10
src\tooltipex.cpp	CToolTipEx::OnMsg	33
src\tooltipex.cpp	CToolTipEx::OnOptions	15
src\tooltipex.cpp	CToolTipEx::OnTimer	13
src\tooltipex.cpp	CToolTipEx::PreTranslateMessage	16
src\tooltipex.cpp	CToolTipEx::Show	13
src\wildcardmatch.cpp	CWildCardMatch::WildMatch	28
