src\clip.h	static-member	m_lastaddedcrc	1
src\clip.h	static-member	m_lastaddedid	1
src\hotkeys.cpp	global-variable	g_hotkeys	1
src\hotkeys.h	static-member	m_nextid	1
src\misc.cpp	global-variable	g_funnygettickcountadjustment	1
src\ntray.h	static-member	m_wndinvisible	1
src\options.h	static-member	m_allowbacktobackduplicates	1
src\options.h	static-member	m_ballowduplicates	1
src\options.h	static-member	m_ballwaysshowdescription	1
src\options.h	static-member	m_bdescshowleadingwhitespace	1
src\options.h	static-member	m_bdesctextsize	1
src\options.h	static-member	m_bdonothideondeactivate	1
src\options.h	static-member	m_bdoubleclickingoncaptiondoes	1
src\options.h	static-member	m_bdrawcopiedcolorcode	1
src\options.h	static-member	m_bdrawrtf	1
src\options.h	static-member	m_bdrawthumbnail	1
src\options.h	static-member	m_benabledebuglogging	1
src\options.h	static-member	m_bensureconnecttoclipboard	1
src\options.h	static-member	m_bensureentirewindowcanbeseen	1
src\options.h	static-member	m_bfastthumbnailmode	1
src\options.h	static-member	m_bfindasyoutype	1
src\options.h	static-member	m_bfromini	1
src\options.h	static-member	m_bhidedittoonpaste	1
src\options.h	static-member	m_binconversion	1
src\options.h	static-member	m_bmultipastereverse	1
src\options.h	static-member	m_bprompfornewgroupname	1
src\options.h	static-member	m_bsavemultipaste	1
src\options.h	static-member	m_bsendpastemessageafterselection	1
src\options.h	static-member	m_bsendpasteonfirsttenhotkeys	1
src\options.h	static-member	m_bshowallclipsinmainlist	1
src\options.h	static-member	m_bshowalwaysontopwarning	1
src\options.h	static-member	m_bshowpersistent	1
src\options.h	static-member	m_bupdatetimeonpaste	1
src\options.h	static-member	m_busectrlnumaccel	1
src\options.h	static-member	m_centerwindowbelowcursororcaret	1
src\options.h	static-member	m_chocolateyapp	1
src\options.h	static-member	m_cleanrtfbeforedrawing	1
src\options.h	static-member	m_clipeditsavedelayafterloadseconds	1
src\options.h	static-member	m_clipeditsavedelayaftersaveseconds	1
src\options.h	static-member	m_csinifilename	1
src\options.h	static-member	m_csplaysoundoncopy	1
src\options.h	static-member	m_doublekeystroketimeout	1
src\options.h	static-member	m_dwsaveclipdelay	1
src\options.h	static-member	m_enforceclipboardignoreformats	1
src\options.h	static-member	m_firsttenhotkeysfontsize	1
src\options.h	static-member	m_firsttenhotkeysstart	1
src\options.h	static-member	m_hidedittoonhotkeyifalreadyshown	1
src\options.h	static-member	m_ignoreannoyingcfdib	1
src\options.h	static-member	m_lmaxclipsizeinbytes	1
src\options.h	static-member	m_lprocessdrawclipboarddelay	1
src\options.h	static-member	m_maintainsearchview	1
src\options.h	static-member	m_moveselectiononopenhotkey	1
src\options.h	static-member	m_nlinesperrow	1
src\options.h	static-member	m_outputdebugstringlogging	1
src\options.h	static-member	m_portable	1
src\options.h	static-member	m_refreshviewafterpasting	1
src\options.h	static-member	m_regexhelper	1
src\options.h	static-member	m_showscrollbar	1
src\options.h	static-member	m_supportalltypes	1
src\options.h	static-member	m_tempdragfilename	1
src\options.h	static-member	m_tempdragfilenamesettime	1
src\options.h	static-member	m_theme	1
src\options.h	static-member	m_tooltiptimeout	1
src\options.h	static-member	m_usemodernscrollbar	1
src\options.h	static-member	m_windowsapp	1
src\options.h	static-member	nlastdbwritetime	1
src\showtaskbaricon.h	static-member	m_refcount	1
