C4005	src\misc.cpp	2
C4018	src\options.cpp	2
C4018	src\symboledit.cpp	1
C4100	addins\dittoutil\exports.cpp	1
C4100	focusdll\focusdll.cpp	1
C4100	icu_loader\icu.cpp	1
C4100	src\actionenums.cpp	1
C4100	src\cf_hdropaggregator.cpp	1
C4100	src\clip.cpp	1
C4100	src\clipboardviewer.cpp	2
C4100	src\clipeditthread.cpp	3
C4100	src\clipids.cpp	1
C4100	src\cp_main.cpp	1
C4100	src\databaseutilities.cpp	1
C4100	src\deleteclipdata.cpp	1
C4100	src\dittopopupwindow.cpp	1
C4100	src\dittowindow.cpp	5
C4100	src\eventthread.h	2
C4100	src\formattedtextdraw.cpp	24
C4100	src\formattedtextdraw.h	1
C4100	src\gdiimagedrawer.cpp	1
C4100	src\gdipbutton.cpp	4
C4100	src\groupstatic.cpp	1
C4100	src\grouptree.cpp	3
C4100	src\htmlformataggregator.cpp	1
C4100	src\imageformataggregator.cpp	1
C4100	src\imagehelper.h	1
C4100	src\imageviewer.cpp	3
C4100	src\mainfrm.cpp	19
C4100	src\mainfrmthread.cpp	1
C4100	src\maintablefunctions.cpp	1
C4100	src\md5.cpp	1
C4100	src\messagepumpthread.h	1
C4100	src\misc.cpp	2
C4100	src\modernscrollbar.cpp	4
C4100	src\movetogroupdlg.cpp	1
C4100	src\multilanguage.h	1
C4100	src\mydroptarget.cpp	4
C4100	src\nodbframewnd.cpp	1
C4100	src\optionsgeneral.cpp	1
C4100	src\powermanager.cpp	1
C4100	src\qlistctrl.cpp	4
C4100	src\qpastewnd.cpp	29
C4100	src\qpastewndthread.cpp	1
C4100	src\qpastewndthread.h	1
C4100	src\qrcode\qrgenerator.cpp	1
C4100	src\qrcode\qrinput.c	1
C4100	src\quickpaste.cpp	1
C4100	src\richeditctrlex.cpp	4
C4100	src\richtextaggregator.cpp	1
C4100	src\rulerricheditctrl\rrectoolbar.cpp	1
C4100	src\rulerricheditctrl\rulerricheditctrl.cpp	3
C4100	src\scrollhelper.cpp	5
C4100	src\sqlite\cppsqlite3.cpp	1
C4100	src\symboledit.cpp	3
C4100	src\tabctrl.cpp	2
C4100	src\tooltipex.cpp	2
C4100	src\traywnd.cpp	1
C4100	src\uac_thread.cpp	2
C4133	src\drawhtml.c	5
C4189	focusdll\focusdll.cpp	1
C4192	src\stdafx.h	1
C4206	src\qrcode\qrenc.c	1
C4239	src\advgeneral.cpp	36
C4239	src\popup.cpp	1
C4244	addins\dittoutil\removelinefeeds.cpp	1
C4244	external:algorithm	1
C4244	shared\dittodefines.h	1
C4244	src\addtype.cpp	4
C4244	src\clip.cpp	2
C4244	src\clipboardsaverestore.cpp	1
C4244	src\clipids.cpp	1
C4244	src\cp_main.cpp	9
C4244	src\deleteclipdata.cpp	2
C4244	src\dittorulerricheditctrl.cpp	3
C4244	src\icu_string.cpp	2
C4244	src\imageformataggregator.cpp	1
C4244	src\imageviewer.cpp	2
C4244	src\misc.cpp	2
C4244	src\oleclipsource.cpp	8
C4244	src\options.cpp	8
C4244	src\optionstypes.cpp	1
C4244	src\qlistctrl.cpp	2
C4244	src\qrcode\qrinput.c	1
C4244	src\qrcode\rscode.c	3
C4244	src\qrcode\rsecc.c	2
C4244	src\qrcode\split.c	13
C4244	src\rulerricheditctrl\rrectoolbar.cpp	3
C4244	src\sendkeys.cpp	5
C4244	src\sqlite\cppsqlite3.cpp	2
C4244	src\tooltipex.cpp	2
C4245	src\bitmaphelper.cpp	1
C4245	src\deleteclipdata.cpp	2
C4245	src\dittowindow.cpp	2
C4245	src\externalwindowtracker.cpp	1
C4245	src\groupcombo.cpp	1
C4245	src\groupstatic.cpp	1
C4245	src\grouptree.cpp	1
C4245	src\misc.cpp	1
C4245	src\multilanguage.cpp	1
C4245	src\qlistctrl.cpp	7
C4245	src\qpastewndthread.cpp	2
C4245	src\symboledit.cpp	3
C4245	src\tabctrl.cpp	1
C4245	src\tooltipex.cpp	1
C4267	src\clip.cpp	2
C4267	src\drawhtml.c	1
C4267	src\qpastewndthread.cpp	1
C4267	src\qrcode\qrencode.c	4
C4278	src\stdafx.h	1
C4302	src\editwithbutton.cpp	1
C4389	src\hotkeys.cpp	1
C4389	src\qlistctrl.cpp	1
C4456	addins\dittoutil\pasteanyastext.cpp	2
C4456	src\clip.cpp	1
C4456	src\copyproperties.cpp	1
C4456	src\cp_main.cpp	2
C4456	src\deleteclipdata.cpp	4
C4456	src\gdipbutton.cpp	9
C4456	src\misc.cpp	1
C4456	src\oleclipsource.cpp	1
C4456	src\qpastewnd.cpp	1
C4456	src\qpastewndthread.cpp	2
C4456	src\rulerricheditctrl\rulerricheditctrl.cpp	1
C4456	src\sqlite\cppsqlite3.cpp	1
C4456	src\symboledit.cpp	1
C4456	src\tooltipex.cpp	2
C4457	src\misc.cpp	1
C4457	src\oleclipsource.cpp	1
C4458	src\snapwindow.cpp	1
C4458	src\tinyxml\tinyxml.cpp	1
C4701	src\drawhtml.c	1
C4706	src\cp_main.cpp	1
C4706	src\createqrcodeimage.cpp	1
C4706	src\qpastewnd.cpp	1
C4706	src\qrcode\qrgenerator.cpp	1
C4706	src\sendkeys.cpp	1
C4840	addins\dittoutil\pasteimageashtmlimage.cpp	4
C4840	src\clip.cpp	27
C4840	src\clip_importexport.cpp	1
C4840	src\clipboardviewer.cpp	5
C4840	src\clipcompare.cpp	4
C4840	src\clipeditthread.cpp	10
C4840	src\clipids.cpp	5
C4840	src\copyproperties.cpp	2
C4840	src\cp_main.cpp	13
C4840	src\databaseutilities.cpp	19
C4840	src\dittoaddin.cpp	1
C4840	src\dittoaddins.cpp	6
C4840	src\dittorulerricheditctrl.cpp	6
C4840	src\editwnd.cpp	6
C4840	src\eventthread.cpp	8
C4840	src\externalwindowtracker.cpp	6
C4840	src\formatsql.cpp	5
C4840	src\hotkeys.cpp	1
C4840	src\htmlformataggregator.cpp	7
C4840	src\mainfrm.cpp	5
C4840	src\mainfrmthread.cpp	1
C4840	src\misc.cpp	7
C4840	src\multilanguage.cpp	3
C4840	src\nodbframewnd.cpp	1
C4840	src\oleclipsource.cpp	13
C4840	src\options.cpp	2
C4840	src\optionsgeneral.cpp	10
C4840	src\optionsquickpaste.cpp	4
C4840	src\optionstypes.cpp	1
C4840	src\progresswnd.cpp	2
C4840	src\qpastewnd.cpp	18
C4840	src\qpastewndthread.cpp	4
C4840	src\quickpastekeyboard.cpp	2
C4840	src\regexfilterhelper.cpp	2
C4840	src\theme.cpp	6
C4840	src\tooltipex.cpp	1
C4840	src\uac_thread.cpp	2
C5033	src\md5.cpp	1
